model,train_time,cv_accuracy,cv_precision,cv_recall,cv_f1,cv_auc,val_accuracy,val_precision,val_recall,val_f1,val_auc,test_accuracy,test_precision,test_recall,test_f1,test_auc
Decision Tree,5.192007541656494,0.9822551637180175,0.9851035341986194,0.9793202231139044,0.9822028335007758,0.9857644488215701,0.9801211782488853,0.2915335463258786,0.34995206136145734,0.31808278867102396,0.6767685706870665,0.979981454901114,0.3022222222222222,0.3915547024952015,0.3411371237458194,0.6966962215265473
